title,company,location,link
"오산공장 HACCP(품질관리), 음성공장 공무파트 경력사원 모집",(주)신세계푸드,경기,https://www.saramin.co.kr/zf_user/jobs/relay/view?isMypage=no&rec_idx=41373896
[본사] 제조생산/자동화설비 기획/조립/생산관리 정규직 채용,티디케이한국(주),경기,https://www.saramin.co.kr/zf_user/jobs/relay/view?isMypage=no&rec_idx=41439818
2021년 ㈜해원티앤디 공개채용(신입 및 경력 수시채용),(주)해원티앤디,경기,https://www.saramin.co.kr/zf_user/jobs/relay/view?isMypage=no&rec_idx=41441740
"2021년 (주)다원산업 경리, 기계 엔지니어, 생산직 채용",(주)다원산업,경기,https://www.saramin.co.kr/zf_user/jobs/relay/view?isMypage=no&rec_idx=41401096
[식품공장/셔틀버스운행]신세계푸드 오산공장 생산직원 모집,(주)삼구에프에스,경기,https://www.saramin.co.kr/zf_user/jobs/relay/view?isMypage=no&rec_idx=40109250
[월급310이상] 신세계푸드 오산공장 식품제조 OP 직원모집,(주)삼구에프에스,경기,https://www.saramin.co.kr/zf_user/jobs/relay/view?isMypage=no&rec_idx=41313795
[주5/월270이상] 스튜디오 사진&영상 촬영 및 편집 직원 채용,맨파워코리아,경기,https://www.saramin.co.kr/zf_user/jobs/relay/view?isMypage=no&rec_idx=41445928
[동탄/주5일/셔틀버스] 부품 조립 직원 모집#,맨파워코리아,경기,https://www.saramin.co.kr/zf_user/jobs/relay/view?isMypage=no&rec_idx=41243524
[화성/주5일/성과급 별도/칼퇴가능] 중견기업 CAD보조 직원 채용,맨파워코리아,경기,https://www.saramin.co.kr/zf_user/jobs/relay/view?isMypage=no&rec_idx=41404730
[신입가능/칼퇴근] 외국계 제약회사 물류전산 사무직원 채용,맨파워코리아,경기,https://www.saramin.co.kr/zf_user/jobs/relay/view?isMypage=no&rec_idx=41444530
"에치와이(구, 한국야쿠르트) 평택공장 유제품 생산 직원 채용",(주)한국야쿠르트,경기,https://www.saramin.co.kr/zf_user/jobs/relay/view?isMypage=no&rec_idx=41363692
상여 330 / 2021 동양산업 하반기 부서별팀원 신규채용,동양산업,경기,https://www.saramin.co.kr/zf_user/jobs/relay/view?isMypage=no&rec_idx=41426859
[B/E장비팀] Backend 장비 엔지니어 경력직 채용,엘비세미콘(주),경기,https://www.saramin.co.kr/zf_user/jobs/relay/view?isMypage=no&rec_idx=41298893
[국내영업팀] 반도체 국내영업 경력직 채용,엘비세미콘(주),경기,https://www.saramin.co.kr/zf_user/jobs/relay/view?isMypage=no&rec_idx=41453296
더블유건설㈜ - 본사 및 현장 채용공고,더블유건설(주),경기,https://www.saramin.co.kr/zf_user/jobs/relay/view?isMypage=no&rec_idx=41240674
정규직 100퍼 #품질#관리#생산 신입사원 선착순 채용,동양산업,경기,https://www.saramin.co.kr/zf_user/jobs/relay/view?isMypage=no&rec_idx=41362848
[천안/사무직/경력별협의]코오롱계열사 사무직 채용,아이비커리어㈜,충남,https://www.saramin.co.kr/zf_user/jobs/relay/view?isMypage=no&rec_idx=41342014
[천안/사무직/경력별협의]코오롱계열사 회계경리직 채용,아이비커리어㈜,충남,https://www.saramin.co.kr/zf_user/jobs/relay/view?isMypage=no&rec_idx=41431300
라온건설(주) 안전관리자 및 보건관리자 채용 건,라온건설(주),서울,https://www.saramin.co.kr/zf_user/jobs/relay/view?isMypage=no&rec_idx=41352141
각 부문 신입 및 경력 모집,신흥에스이씨(주),경기,https://www.saramin.co.kr/zf_user/jobs/relay/view?isMypage=no&rec_idx=41410386
경력사원 모집공고,대원화성(주),경기,https://www.saramin.co.kr/zf_user/jobs/relay/view?isMypage=no&rec_idx=41303750
경리/사무보조(구매.발주.마감.정산) 사원 모집,(주)삼윤,경기,https://www.saramin.co.kr/zf_user/jobs/relay/view?isMypage=no&rec_idx=41430374
자동차LED 남/여-주.야2교대 월300만원이상~ 상여금200 만근수당,(주)제일넷,경기,https://www.saramin.co.kr/zf_user/jobs/relay/view?isMypage=no&rec_idx=41219194
경동그룹본사직원채용 주간근무 월평균300만원~ 상여금/성과금,(주)제일넷,경기,https://www.saramin.co.kr/zf_user/jobs/relay/view?isMypage=no&rec_idx=41399550
경동나비엔소속직원채용 주간근무 월300만원이상~ 상여금/성과금,(주)제일넷,경기,https://www.saramin.co.kr/zf_user/jobs/relay/view?isMypage=no&rec_idx=41449674
에어팟 제조 사원 모집/월320만이상/주말휴무,(주)에프앤비네트웍스,경기,https://www.saramin.co.kr/zf_user/jobs/relay/view?isMypage=no&rec_idx=41340576
제일산업㈜안성공장 생산 정규사원 모집,제일산업(주),경기,https://www.saramin.co.kr/zf_user/jobs/relay/view?isMypage=no&rec_idx=41409714
[평택]면접비지급/무료기숙사O 이마트 에브리데이 물류 사원모집,(주)와이엔아이,경기,https://www.saramin.co.kr/zf_user/jobs/relay/view?isMypage=no&rec_idx=41442081
(상여 95만원+ 정착지원금 지원) 대기업 전자계열사 사원모집,(주)엔엠에스컨설팅,경기,https://www.saramin.co.kr/zf_user/jobs/relay/view?isMypage=no&rec_idx=40937996
[의왕/수원/대기업] 현대위아 팀서무 채용,에스앤에스비(주),경기,https://www.saramin.co.kr/zf_user/jobs/relay/view?isMypage=no&rec_idx=41273281
[대기업/1호선] 현대로템 팀서무직 채용,에스앤에스비(주),경기,https://www.saramin.co.kr/zf_user/jobs/relay/view?isMypage=no&rec_idx=41378821
[GS리테일 자회사]후레쉬서브 생산관리 신입사원 채용,(주)후레쉬서브,경기,https://www.saramin.co.kr/zf_user/jobs/relay/view?isMypage=no&rec_idx=41443516
[SPC] 비알코리아 본사 직영점 정규직 식음료 서비스 매니저,에스앤에스비(주),서울,https://www.saramin.co.kr/zf_user/jobs/relay/view?isMypage=no&rec_idx=41393368
[[삼성전자 수원]]비서행정직 채용 안내,(주)지텍에이치,경기,https://www.saramin.co.kr/zf_user/jobs/relay/view?isMypage=no&rec_idx=41441910
2021 하반기 신소재용 진공장비 조립 엔지니어 채용,(주)에스더블유베큠,경기,https://www.saramin.co.kr/zf_user/jobs/relay/view?isMypage=no&rec_idx=41105934
2021 하반기 기술영업(진공장비) 신입사원 채용,(주)에스더블유베큠,경기,https://www.saramin.co.kr/zf_user/jobs/relay/view?isMypage=no&rec_idx=41106023
각 부문 신입 및 경력 모집,성진산업(주),경기,https://www.saramin.co.kr/zf_user/jobs/relay/view?isMypage=no&rec_idx=41376280
[연4100만-상여300프로] 반도체 생산사원모집/3조2교대/통근운행,(주)에이치알에스,경기,https://www.saramin.co.kr/zf_user/jobs/relay/view?isMypage=no&rec_idx=41429691
[월 400만원] 대기업 단순 제조포장 / 시급12000원 / 주급가능,(주)태성시스템,경기,https://www.saramin.co.kr/zf_user/jobs/relay/view?isMypage=no&rec_idx=41377429
[삼이송메탈] 영업 및 영업관리 담당직원 모집,(주)삼이송메탈,경기,https://www.saramin.co.kr/zf_user/jobs/relay/view?isMypage=no&rec_idx=41246912
[현대1차.주급가능.상여400]수출용부품 단순포장/분류 사원 채용,주식회사 위드웍스,경기전체,https://www.saramin.co.kr/zf_user/jobs/relay/view?isMypage=no&rec_idx=41339365
[뷰티라운지의원 동탄점] 피부간호조무사 정규직 채용,뷰티라운지의원 동탄점,경기,https://www.saramin.co.kr/zf_user/jobs/relay/view?isMypage=no&rec_idx=41374060
연4천/상여540-대덕전자 새공장 오픈 신입 경력무관 대규모채용,주식회사 인풍코리아,경기,https://www.saramin.co.kr/zf_user/jobs/relay/view?isMypage=no&rec_idx=41396079
"㈜엠투엔_ 회계,개발,CS(하이닉스內),생산팀 신입/경력사원 채용",(주)엠투엔,경기,https://www.saramin.co.kr/zf_user/jobs/relay/view?isMypage=no&rec_idx=41404930
(주)원라인 총무 채용공고,(주)원라인,경기,https://www.saramin.co.kr/zf_user/jobs/relay/view?isMypage=no&rec_idx=41419172
[대덕전자] 2021년 4분기 신입(경력무관)사원 생산직 대규모채용,주식회사 인풍코리아,경기,https://www.saramin.co.kr/zf_user/jobs/relay/view?isMypage=no&rec_idx=41435483
PCB 공정별 신입/ 신뢰성검사 경력사원 모집,(주)모닝코리아케이,경기,https://www.saramin.co.kr/zf_user/jobs/relay/view?isMypage=no&rec_idx=41335364
간호조무사 사회복지사 의무기록사 시설관리 구인,(의)오산의료재단,경기,https://www.saramin.co.kr/zf_user/jobs/relay/view?isMypage=no&rec_idx=41205978
"종합검진 및 특수검진(간호사, 간호조무사, 임상병리사)",조은오산병원,경기,https://www.saramin.co.kr/zf_user/jobs/relay/view?isMypage=no&rec_idx=41418121
[오산평택/연봉 3500이상] [OB맥주] 수입맥주 영업직 채용공고,이케이맨파워(주),경기,https://www.saramin.co.kr/zf_user/jobs/relay/view?isMypage=no&rec_idx=41443557
[오산/12개월] 스튜디오 사진&영상 촬영 및 편집 직원 채용,맨파워코리아,경기,https://www.saramin.co.kr/zf_user/jobs/relay/view?isMypage=no&rec_idx=41445523
[경기오산시 세교동/급여협의] 호반건설 분양사업소 사무직 채용,(주)사람인에이치에스,경기,https://www.saramin.co.kr/zf_user/jobs/relay/view?isMypage=no&rec_idx=41305383
"오산사업장 정규직원모집(생산,공무,품질,자재)",대한공조(주),경기,https://www.saramin.co.kr/zf_user/jobs/relay/view?isMypage=no&rec_idx=41401227
[오산쿠팡/경력무관]  물류사원/상차(HUB) 사원님 다수채용,쿠팡풀필먼트서비스(유),경기,https://www.saramin.co.kr/zf_user/jobs/relay/view?isMypage=no&rec_idx=41178322
"[쿠팡CFS] 오산물류센터 HR(인사/채용) 주간,오후 사무직원 채용",쿠팡풀필먼트서비스(유),경기,https://www.saramin.co.kr/zf_user/jobs/relay/view?isMypage=no&rec_idx=41272917
[오산/동탄/1호선세마역 ] 건설사분양입주 행정 사무직 사무,㈜휴먼리소스,경기,https://www.saramin.co.kr/zf_user/jobs/relay/view?isMypage=no&rec_idx=41397236
[쿠팡]오산센터 현장관리자(Team Captain)정규직 채용(경력무관),쿠팡풀필먼트서비스(유),경기,https://www.saramin.co.kr/zf_user/jobs/relay/view?isMypage=no&rec_idx=41438420
"[오산, 수원, 송탄]신세계푸드 단순식품생산 사원채용",(주)블루에이치알,경기,https://www.saramin.co.kr/zf_user/jobs/relay/view?isMypage=no&rec_idx=41229484
쿠팡 물류현장 지원/사무업무 보조 Flex Assistant 채용,쿠팡(주),전국,https://www.saramin.co.kr/zf_user/jobs/relay/view?isMypage=no&rec_idx=41367823
[동탄/주5일/셔틀버스] 소형부품 사출 담당 직원 모집#,맨파워코리아,경기,https://www.saramin.co.kr/zf_user/jobs/relay/view?isMypage=no&rec_idx=41424243
[삼성전자 채용박람회] 2021년 신입 및 경력 공개 채용,이화다이아몬드공업(주),경기,https://www.saramin.co.kr/zf_user/jobs/relay/view?isMypage=no&rec_idx=41310031
[용인/식사제공] 물류센터 전산 사무직원 채용,맨파워코리아,경기,https://www.saramin.co.kr/zf_user/jobs/relay/view?isMypage=no&rec_idx=41321895
[화성/주5일] 삼성협력업체 CAD보조 직원 채용,맨파워코리아,경기,https://www.saramin.co.kr/zf_user/jobs/relay/view?isMypage=no&rec_idx=41404531
[BMW/안성/자차필] 자동차 수입부품 품질관리 사무직원 채용,맨파워코리아,경기,https://www.saramin.co.kr/zf_user/jobs/relay/view?isMypage=no&rec_idx=41427122
[평택/BMW] 출고센터 사무 담당 직원 모집#,맨파워코리아,경기,https://www.saramin.co.kr/zf_user/jobs/relay/view?isMypage=no&rec_idx=41248695
BMW VDC  사무직 직원 모집 (평택/맨파워코리아 무기계약직),맨파워코리아,경기,https://www.saramin.co.kr/zf_user/jobs/relay/view?isMypage=no&rec_idx=41371929
[KoreaInstrument] 반도체 검사장비 생산직 정규직 채용,코리아인스트루먼트,경기,https://www.saramin.co.kr/zf_user/jobs/relay/view?isMypage=no&rec_idx=41397576
[용인/식사] 신축 물류센터 중간관리자 채용,맨파워코리아,경기,https://www.saramin.co.kr/zf_user/jobs/relay/view?isMypage=no&rec_idx=41346019
[주5일/월230/워라벨/셔틀운행] 안성 대기업 물류센터 사원모집,(주)휴먼코아,경기,https://www.saramin.co.kr/zf_user/jobs/relay/view?isMypage=no&rec_idx=41442984
에프에스티 각 부문 신입/경력 사원 모집,(주)에프에스티,경기,https://www.saramin.co.kr/zf_user/jobs/relay/view?isMypage=no&rec_idx=41428015
[수원슬러지사업소] 하수슬러지 건조시설 신입사원 채용,(주)에코비트워터,경기,https://www.saramin.co.kr/zf_user/jobs/relay/view?isMypage=no&rec_idx=41419408
"각 부문 채용 (품질관리,환경팀,생산관리팀, 중앙연구소 증착장비)",(주)제이앤티씨,경기,https://www.saramin.co.kr/zf_user/jobs/relay/view?isMypage=no&rec_idx=41445638
[평택청북/서한워너] 2주2교대 생산팀인원 채용 선착순마감예정,동양산업,경기,https://www.saramin.co.kr/zf_user/jobs/relay/view?isMypage=no&rec_idx=41439293
[미국계자동차부품조립회사/송탄산업단지/월350]단순생산직 채용,㈜스탭솔루션,경기,https://www.saramin.co.kr/zf_user/jobs/relay/view?isMypage=no&rec_idx=41394588
LG전자 콜센터 정규직 상담사 모집 ( 동종업계 최고수준),(주)유안에이치알,경남,https://www.saramin.co.kr/zf_user/jobs/relay/view?isMypage=no&rec_idx=41377813
배송 담당 인재 채용,(주)케이엠헬스케어,경기,https://www.saramin.co.kr/zf_user/jobs/relay/view?isMypage=no&rec_idx=41459569
수입식품 품질관리 업무를 담당한 팀원을 모십니다,(주)선인,경기,https://www.saramin.co.kr/zf_user/jobs/relay/view?isMypage=no&rec_idx=41060998
[삼성전자 채용박람회] 반도체공정 TRAP장비 C/S 인원모집,㈜테키스트,경기,https://www.saramin.co.kr/zf_user/jobs/relay/view?isMypage=no&rec_idx=41308401
[모토텍&모토닉스] 본부별 신입/경력모집 (관리본부/제조본부),(주)모토닉스,경기,https://www.saramin.co.kr/zf_user/jobs/relay/view?isMypage=no&rec_idx=41428718
환경유해물질 담당자(신입) 모집공고,(주) 파워로직스,충북,https://www.saramin.co.kr/zf_user/jobs/relay/view?isMypage=no&rec_idx=41449097
경비지도사 구인,(주)신화시스템즈,경기,https://www.saramin.co.kr/zf_user/jobs/relay/view?isMypage=no&rec_idx=41429611
"반도체 필드엔지니어(FSE, CS) 신입/경력모집",멜콘 주식회사,경기,https://www.saramin.co.kr/zf_user/jobs/relay/view?isMypage=no&rec_idx=41334839
[메이저월드] 인사/총무 신입 모집,메이저월드(주),경기,https://www.saramin.co.kr/zf_user/jobs/relay/view?isMypage=no&rec_idx=41363537
[평택 통복동/성과급] 글로벌항공운송기업 배송기사 채용,(주)사람인에이치에스,경기,https://www.saramin.co.kr/zf_user/jobs/relay/view?isMypage=no&rec_idx=41383652
"재무, 회계, 세무 총무사무원 모집",하나산업(주),경기,https://www.saramin.co.kr/zf_user/jobs/relay/view?isMypage=no&rec_idx=41419400
"공조냉동 관련 석사,박사(연구과제 유경험자)",대한공조(주),경기,https://www.saramin.co.kr/zf_user/jobs/relay/view?isMypage=no&rec_idx=41242308
"[경력]PLC 및 전장 설계, 제작  가능자",대한공조(주),경기,https://www.saramin.co.kr/zf_user/jobs/relay/view?isMypage=no&rec_idx=41242339
"[신입/경력]기구,판금 설계/3D(Solid edge,Soid works)",대한공조(주),경기,https://www.saramin.co.kr/zf_user/jobs/relay/view?isMypage=no&rec_idx=41242332
"냉동공조 관련(냉동공조자격증소지자,가스안전관리 우대)",대한공조(주),경기,https://www.saramin.co.kr/zf_user/jobs/relay/view?isMypage=no&rec_idx=41342735
[삼성전자 채용박람회] 와이솔 해외영업 부문 신입 모집,(주) 와이솔,경기,https://www.saramin.co.kr/zf_user/jobs/relay/view?isMypage=no&rec_idx=41342933
[삼성전자 채용박람회] 와이솔 연구개발 부문 신입/경력 모집,(주) 와이솔,경기,https://www.saramin.co.kr/zf_user/jobs/relay/view?isMypage=no&rec_idx=41341637
[삼성전자 채용박람회] 와이솔 재무원가 부문 신입/경력 모집,(주) 와이솔,경기,https://www.saramin.co.kr/zf_user/jobs/relay/view?isMypage=no&rec_idx=41343143
전기자동차 개발 인력 모집 (차량개발/전장개발/제어기개발),에이치케이엠엔에스(주),경기,https://www.saramin.co.kr/zf_user/jobs/relay/view?isMypage=no&rec_idx=41419237
[반도체 제조社] 공정 오퍼레이터/설비 엔지니어 모집,(주) 와이솔,경기,https://www.saramin.co.kr/zf_user/jobs/relay/view?isMypage=no&rec_idx=41456946
전기팀 관리직(기사) 직원을 모집합니다.,(주)대림제지,경기,https://www.saramin.co.kr/zf_user/jobs/relay/view?isMypage=no&rec_idx=41087832
안전팀 관리직(산업안전기사) 직원을 모집합니다.,(주)대림제지,경기,https://www.saramin.co.kr/zf_user/jobs/relay/view?isMypage=no&rec_idx=41039515
제품 납품업무를 담당할 직원을 모집합니다.,(주)디엔에프,경기,https://www.saramin.co.kr/zf_user/jobs/relay/view?isMypage=no&rec_idx=41146255
CS엔지니어 (평택/국내) 신입/경력직 채용,㈜엘오티베큠,경기,https://www.saramin.co.kr/zf_user/jobs/relay/view?isMypage=no&rec_idx=41224916
[3D검사사업팀] SW 개발 엔지니어 채용,(주)필옵틱스,경기,https://www.saramin.co.kr/zf_user/jobs/relay/view?isMypage=no&rec_idx=41318832
전장설계 및 모션제어 신입 & 경력직 채용,(주)필옵틱스,경기,https://www.saramin.co.kr/zf_user/jobs/relay/view?isMypage=no&rec_idx=41336045
[제어기술2팀] 장비 PC제어 및 SW개발 신입/경력직 채용,(주)필옵틱스,경기,https://www.saramin.co.kr/zf_user/jobs/relay/view?isMypage=no&rec_idx=41336371
[반도체사업실] 공정개발 경력자 및 장비 SW개발 경력자 채용,(주)필옵틱스,경기,https://www.saramin.co.kr/zf_user/jobs/relay/view?isMypage=no&rec_idx=41364361
(주) DE&T 구매 관리 경력 사원 모집,디이엔티,경기,https://www.saramin.co.kr/zf_user/jobs/relay/view?isMypage=no&rec_idx=41392501
[설계실] 반도체/디스플레이 장비 설계 신입/경력 채용,(주)필옵틱스,경기,https://www.saramin.co.kr/zf_user/jobs/relay/view?isMypage=no&rec_idx=41392838
[영업2팀] 해외영업(중국) 경력직 채용의 건,(주)필옵틱스,경기,https://www.saramin.co.kr/zf_user/jobs/relay/view?isMypage=no&rec_idx=41394423
전기전자/반도체 부품 라벨링/입출고 업무 정규직,한국알프스물류(주),경기,https://www.saramin.co.kr/zf_user/jobs/relay/view?isMypage=no&rec_idx=41428494
(주)아이엠텍 구매팀 경력사원 채용공고,아이엠텍,경기,https://www.saramin.co.kr/zf_user/jobs/relay/view?isMypage=no&rec_idx=41066956
제조기술팀 사원 신입 채용 - 정규직,(주)이에스티,경기,https://www.saramin.co.kr/zf_user/jobs/relay/view?isMypage=no&rec_idx=41092241
품질팀 신입 경력직 채용 - 정규직,(주)이에스티,경기,https://www.saramin.co.kr/zf_user/jobs/relay/view?isMypage=no&rec_idx=41369536
물류/보세창고 입출고관리 직원모집,조양국제종합물류(주),경기,https://www.saramin.co.kr/zf_user/jobs/relay/view?isMypage=no&rec_idx=41447565
연구소 (전장설계/공정분석) 신입/경력직 채용,㈜엘오티베큠,경기,https://www.saramin.co.kr/zf_user/jobs/relay/view?isMypage=no&rec_idx=41240960
환경안전 경력직 채용,㈜엘오티베큠,경기,https://www.saramin.co.kr/zf_user/jobs/relay/view?isMypage=no&rec_idx=41242593
[삼성전자 채용박람회] 21년 하반기 R&D 신입 공개채용,㈜엘오티베큠,경기,https://www.saramin.co.kr/zf_user/jobs/relay/view?isMypage=no&rec_idx=41308357
구매자재팀 경력직 채용,㈜엘오티베큠,경기,https://www.saramin.co.kr/zf_user/jobs/relay/view?isMypage=no&rec_idx=41354442
기술연구소 프린터 펌웨어 개발 신입사원 모집,주식회사 에이루트,경기,https://www.saramin.co.kr/zf_user/jobs/relay/view?isMypage=no&rec_idx=41285798
기술연구소 프린터 펌웨어 개발 경력사원 모집,주식회사 에이루트,경기,https://www.saramin.co.kr/zf_user/jobs/relay/view?isMypage=no&rec_idx=41285751
기술연구소 기구팀 경력사원 모집,주식회사 에이루트,경기,https://www.saramin.co.kr/zf_user/jobs/relay/view?isMypage=no&rec_idx=41336530
무역사무담당자 모집,(주)씨아이제이코리아,경기,https://www.saramin.co.kr/zf_user/jobs/relay/view?isMypage=no&rec_idx=41423262
㈜디케이티 생산관리/품질/사상팀 신입 및 경력사원 채용,(주)디케이티,경기,https://www.saramin.co.kr/zf_user/jobs/relay/view?isMypage=no&rec_idx=41224160
(주)오엠티 -  자동화 설비 CS / 조립 신입/경력 채용 - 정규직,(주)오엠티,경기,https://www.saramin.co.kr/zf_user/jobs/relay/view?isMypage=no&rec_idx=41425633
하반기 각 부문( 생산팀 ) 채용,(주)유원인더스트리,경기,https://www.saramin.co.kr/zf_user/jobs/relay/view?isMypage=no&rec_idx=41388035
[평택서탄/ 셔틀버스/식대지원] 국내 중견기업 사무보조,(주)메이크인,경기,https://www.saramin.co.kr/zf_user/jobs/relay/view?isMypage=no&rec_idx=41384513
"[(주)자비스] 설비 제작(조립, 셋업) 및 설비 생산 관리 채용",(주) 자비스,경기,https://www.saramin.co.kr/zf_user/jobs/relay/view?isMypage=no&rec_idx=41157735
[(주)자비스/코스닥] 동탄제조센터 생산팀 채용,(주) 자비스,경기,https://www.saramin.co.kr/zf_user/jobs/relay/view?isMypage=no&rec_idx=41446703
"자동차 1차사 영업본부 사원 모집(대졸초임 4,300만원)",㈜대승,경기,https://www.saramin.co.kr/zf_user/jobs/relay/view?isMypage=no&rec_idx=41303508
식품회사 생산직 사원모집,(주)푸드코리아,경기,https://www.saramin.co.kr/zf_user/jobs/relay/view?isMypage=no&rec_idx=41441344
생산직채용 (생산설비운전 / 생산관리),신원산업(주),경기,https://www.saramin.co.kr/zf_user/jobs/relay/view?isMypage=no&rec_idx=41065390
영진철강(주) 생산팀 사원(팀원)/ 생산지원팀 생산관리직 모집,영진철강(주),충남,https://www.saramin.co.kr/zf_user/jobs/relay/view?isMypage=no&rec_idx=41088948
경영지원부 인사파트 담당자 모집,(주)씨아이제이코리아,경기,https://www.saramin.co.kr/zf_user/jobs/relay/view?isMypage=no&rec_idx=41166223
경영지원부 홍보기획팀 담당자 모집,(주)씨아이제이코리아,경기,https://www.saramin.co.kr/zf_user/jobs/relay/view?isMypage=no&rec_idx=41106806
기구설계.전자 파트 담당자 모집,(주)씨아이제이코리아,경기,https://www.saramin.co.kr/zf_user/jobs/relay/view?isMypage=no&rec_idx=41292382
마케팅팀 경력사원(대리 / 과장급) 채용,주식회사 에이루트,경기,https://www.saramin.co.kr/zf_user/jobs/relay/view?isMypage=no&rec_idx=41361732
2021년 하반기 연구·실험·분석 신입 연구원 채용,제이씨앤엠(주),경기,https://www.saramin.co.kr/zf_user/jobs/relay/view?isMypage=no&rec_idx=41421802
[정규직] 구매/자재관리 신입 및 경력사원 모집,티오에스(주),경기,https://www.saramin.co.kr/zf_user/jobs/relay/view?isMypage=no&rec_idx=41451284
[쿠팡CFS]Fresh Operation Manager/Area Manager[신선물류센터 운영관리자],쿠팡풀필먼트서비스(유),경기,https://www.saramin.co.kr/zf_user/jobs/relay/view?isMypage=no&rec_idx=41258674
[쿠팡CFS]물류센터 ICQA Manager(재고관리) 경력 모집,쿠팡풀필먼트서비스(유),경기,https://www.saramin.co.kr/zf_user/jobs/relay/view?isMypage=no&rec_idx=41258650
[쿠팡CFS]Operation Manager/Area Manager(물류센터/Hub 운영담당자),쿠팡풀필먼트서비스(유),광주,https://www.saramin.co.kr/zf_user/jobs/relay/view?isMypage=no&rec_idx=41314489
[11.04면접/채용대행/정규직/기숙사] 제품생산 및 제조(향남),㈜피플씨앤에스,경기,https://www.saramin.co.kr/zf_user/jobs/relay/view?isMypage=no&rec_idx=41366213
[동트는농가] 직영사업장 정규직 직원 채용,동트는농가영농조합법인,경기,https://www.saramin.co.kr/zf_user/jobs/relay/view?isMypage=no&rec_idx=41410302
[유니랩 정규직/기숙사] 제품생산 및 제조(향남),㈜피플씨앤에스,경기,https://www.saramin.co.kr/zf_user/jobs/relay/view?isMypage=no&rec_idx=41430393
"정규직 바로채용 H/J 기능테스크  주간근무 연봉3,000만원이상~",(주)제일넷,경기,https://www.saramin.co.kr/zf_user/jobs/relay/view?isMypage=no&rec_idx=41449478
"[쿠팡CFS]인사부문(HRM, Recruiting, ER, 총무) 대규모 채용",쿠팡풀필먼트서비스(유),경기,https://www.saramin.co.kr/zf_user/jobs/relay/view?isMypage=no&rec_idx=41258722
"[쿠팡CFS]EHS(안전관리, 보건관리, 소방관리)경력",쿠팡풀필먼트서비스(유),경기,https://www.saramin.co.kr/zf_user/jobs/relay/view?isMypage=no&rec_idx=41258743
반도체 설비 엔지니어 모집,(주)BOB,경기,https://www.saramin.co.kr/zf_user/jobs/relay/view?isMypage=no&rec_idx=41248628
[ 통근버스/2교대/상여금120 ] 오뚜기 라면 생산/자재/포장/검수,(주)알에스이알,경기,https://www.saramin.co.kr/zf_user/jobs/relay/view?isMypage=no&rec_idx=41418035
[10.29면접/채용대행/정규직/기숙사] 제품생산 및 제조업무(팔탄,㈜피플씨앤에스,경기전체,https://www.saramin.co.kr/zf_user/jobs/relay/view?isMypage=no&rec_idx=41299437
[수원/광교(수지·상현)] 영어 선생님 모집,영어앞에당당한아이들 ㈜리케이온교육,경기,https://www.saramin.co.kr/zf_user/jobs/relay/view?isMypage=no&rec_idx=41162013
기숙사 무료/자동차 부품 조립 /주간/ 동반가능/신입 초보/주급,(주)이엔제이,경기,https://www.saramin.co.kr/zf_user/jobs/relay/view?isMypage=no&rec_idx=41312305
SENJU METAL 믹싱팀 신입사원모집,한국천주금속(주),경기,https://www.saramin.co.kr/zf_user/jobs/relay/view?isMypage=no&rec_idx=41386577
쿠팡 용인2/3 물류센터 지게차 직원 채용,쿠팡풀필먼트서비스(유),경기,https://www.saramin.co.kr/zf_user/jobs/relay/view?isMypage=no&rec_idx=41066870
[쿠팡CFS] 안성2/3 센터 인사팀 사원모집,쿠팡풀필먼트서비스(유),경기,https://www.saramin.co.kr/zf_user/jobs/relay/view?isMypage=no&rec_idx=41152883
[쿠팡 CFS] 용인 신선센터 인사팀 사무직원 채용,쿠팡풀필먼트서비스(유),경기,https://www.saramin.co.kr/zf_user/jobs/relay/view?isMypage=no&rec_idx=41084108
[경영관리팀] 품질관리 / 생산관리 모집,브로스앤컴퍼니(주),경기,https://www.saramin.co.kr/zf_user/jobs/relay/view?isMypage=no&rec_idx=41298501
[쿠팡 CFS] 용인 신선센터 인사팀(HR) 직원 채용,쿠팡풀필먼트서비스(유),경기,https://www.saramin.co.kr/zf_user/jobs/relay/view?isMypage=no&rec_idx=41379312
"[쿠팡 CFS] 용인 2,3 물류센터 지게차 주간 근무자 채용",쿠팡풀필먼트서비스(유),경기,https://www.saramin.co.kr/zf_user/jobs/relay/view?isMypage=no&rec_idx=41379370
"생산관리팀 출하관리, MES 실적관리",(주)제이앤티지,경기,https://www.saramin.co.kr/zf_user/jobs/relay/view?isMypage=no&rec_idx=41444704
(평택/주5일) 물류센터 사무직 모집합니다.,(주)에이원종합물류,경기,https://www.saramin.co.kr/zf_user/jobs/relay/view?isMypage=no&rec_idx=41450341
"2차전지 장비,OLED LCD(진공장비) : 진공물류TASK파트 설계 모집",㈜나인테크,경기,https://www.saramin.co.kr/zf_user/jobs/relay/view?isMypage=no&rec_idx=41448130
[쿠팡CFS]FC Training Supervisor / 물류센터 트레이닝 리드,쿠팡풀필먼트서비스(유),경기,https://www.saramin.co.kr/zf_user/jobs/relay/view?isMypage=no&rec_idx=41258731
"자재관리, 납품(배송) 담당자 모집(정규직)",(주)이엠아이,경기,https://www.saramin.co.kr/zf_user/jobs/relay/view?isMypage=no&rec_idx=41437903
수소연료전지 무인항공기/드론 개발 인원 채용,하이리움산업(주),경기,https://www.saramin.co.kr/zf_user/jobs/relay/view?isMypage=no&rec_idx=41304624
[기구설계그룹]기구설계 부문 신입/경력직 채용의 건,(주)필에너지,경기,https://www.saramin.co.kr/zf_user/jobs/relay/view?isMypage=no&rec_idx=41352498
[구매팀] 구매 경력직 채용의 건,(주)필에너지,경기,https://www.saramin.co.kr/zf_user/jobs/relay/view?isMypage=no&rec_idx=41422206
[비엘코스메틱] 품질관리팀 팀장급 정규직채용,(주)비엘코스메틱,경기,https://www.saramin.co.kr/zf_user/jobs/relay/view?isMypage=no&rec_idx=41443197
에어컨부품 생산직 모집.,(주)비에스파트너,경기,https://www.saramin.co.kr/zf_user/jobs/relay/view?isMypage=no&rec_idx=41443087
[쿠팡 CFS] 용인 신선센터 인사팀(HR) 직원 채용,쿠팡풀필먼트서비스(유),경기,https://www.saramin.co.kr/zf_user/jobs/relay/view?isMypage=no&rec_idx=41379410
"2021 하반기 강사, 행정부문 공개 채용",(주)이언에듀케이션,경기,https://www.saramin.co.kr/zf_user/jobs/relay/view?isMypage=no&rec_idx=41264742
유일미크론 각 부문별 채용,유일미크론,경기,https://www.saramin.co.kr/zf_user/jobs/relay/view?isMypage=no&rec_idx=41423679
[근무환경깨끗]안성/화장품인쇄물/검사/포장/동반가능/주부가능,(주)대한글로벌,경기,https://www.saramin.co.kr/zf_user/jobs/relay/view?isMypage=no&rec_idx=41447528
LG 계열 반도체 #상여100 #수당지급 #단순업무 #동반가능,세인글로벌,충남,https://www.saramin.co.kr/zf_user/jobs/relay/view?isMypage=no&rec_idx=41257934
[월400/전국/기숙사무료] 2교대 생산팀 식사/휴게시간 급여포함,(주)케이앤비이,경기,https://www.saramin.co.kr/zf_user/jobs/relay/view?isMypage=no&rec_idx=41350875
(주)큐드 하반기 각 부문별 채용,(주)큐드,경기,https://www.saramin.co.kr/zf_user/jobs/relay/view?isMypage=no&rec_idx=41303947
온라인 CS / 영업지원 / 영업관리 사무직 채용(통근차량운행),(주)듀크네트웍스,경기,https://www.saramin.co.kr/zf_user/jobs/relay/view?isMypage=no&rec_idx=41408327
생산·제조(가전제품 조립) 부문 담당자 채용 (통근차량운행),(주)캐로스컴퍼니,경기,https://www.saramin.co.kr/zf_user/jobs/relay/view?isMypage=no&rec_idx=41408557
[신입&경력] 자재관리 정규직 채용(평택진위),(주)큐빗,경기,https://www.saramin.co.kr/zf_user/jobs/relay/view?isMypage=no&rec_idx=41441045
2021 영상사업팀 PD/조감독 및 팀원 모집,(주)다빈치컴퍼니,경기,https://www.saramin.co.kr/zf_user/jobs/relay/view?isMypage=no&rec_idx=41443078
[만근수당/성과금/교대수당/기숙사] 외국계 의료진단키트 생산직 사원모집,주식회사 휴제이모스트,경기,https://www.saramin.co.kr/zf_user/jobs/relay/view?isMypage=no&rec_idx=41095266
[월 400만원] 식품 단순 가공포장 / 시급 12000 / 주야2교대,(주)태성시스템,경기,https://www.saramin.co.kr/zf_user/jobs/relay/view?isMypage=no&rec_idx=41284017
[월 400만원] 파리바게트/베스킨라빈스 시급 12000 / 주야2교대 / 초보가능,(주)태성시스템,경기,https://www.saramin.co.kr/zf_user/jobs/relay/view?isMypage=no&rec_idx=41321792
[상여300/기숙사 무료지원/합격률높음] 연봉4300/월 410만원,제이제이워크,경기,https://www.saramin.co.kr/zf_user/jobs/relay/view?isMypage=no&rec_idx=41349024
[시급12000원] 식품 단순 가공포장등 / 주야2교대 / 초보가능,(주)태성시스템,경기,https://www.saramin.co.kr/zf_user/jobs/relay/view?isMypage=no&rec_idx=41366637
[월 400만원] 대기업 단순 제조포장 / 시급12000원 / 주급가능,(주)태성시스템,경기,https://www.saramin.co.kr/zf_user/jobs/relay/view?isMypage=no&rec_idx=41376642
[월 400만원] 대기업 단순 제조생산 / 시급12000원 / 기숙사가능,(주)태성시스템,경기,https://www.saramin.co.kr/zf_user/jobs/relay/view?isMypage=no&rec_idx=41412794
[월 400만원] 대기업 단순 식품 가공 / 시급12000원 / 초보가능,(주)태성시스템,경기,https://www.saramin.co.kr/zf_user/jobs/relay/view?isMypage=no&rec_idx=41430567
[월 400만원] SPC 대기업 단순 식품 가공 / 시급12000원,(주)태성시스템,경기,https://www.saramin.co.kr/zf_user/jobs/relay/view?isMypage=no&rec_idx=41447331
[LG전자 칠러공장 ]행정사무직 채용(셔틀운행),(주)서울커뮤니케이션,경기,https://www.saramin.co.kr/zf_user/jobs/relay/view?isMypage=no&rec_idx=41385342
[연봉 2800만원] 반도체설비 제조 - 신입/경력 채용,Ratel,경기,https://www.saramin.co.kr/zf_user/jobs/relay/view?isMypage=no&rec_idx=41394264
[LG전자/연봉2900만원]사무(비용/사무지원)업무 채용(셔틀운행),(주)서울커뮤니케이션,경기,https://www.saramin.co.kr/zf_user/jobs/relay/view?isMypage=no&rec_idx=41453619
[월 400만원] 파리바게트 / 시급 12000 / 주야2교대 / 초보가능,(주)태성시스템,경기,https://www.saramin.co.kr/zf_user/jobs/relay/view?isMypage=no&rec_idx=41241536
동탄 반도체 [정규직] 사원모집 /청년 내일채움공제 사업장/,다원코리아,경기,https://www.saramin.co.kr/zf_user/jobs/relay/view?isMypage=no&rec_idx=41268240
안산/상여300/연봉4500/무료기숙사/동반가능/신입환영,인스펌,경기,https://www.saramin.co.kr/zf_user/jobs/relay/view?isMypage=no&rec_idx=41040861
(부품검사원)전자제품 제조 및 단순검사원 모집(복지공고확인 必,와이앤에스,충남,https://www.saramin.co.kr/zf_user/jobs/relay/view?isMypage=no&rec_idx=41323601
[쉬움/업무난이도최하/고급여/당일면접]화재 및 안전감시단 모집,제이피스(주),경기,https://www.saramin.co.kr/zf_user/jobs/relay/view?isMypage=no&rec_idx=41349114
[상여500] 반도체 장비부품 / 품질 및 생산 / 초보 가능,(주)태성시스템,경기,https://www.saramin.co.kr/zf_user/jobs/relay/view?isMypage=no&rec_idx=41376754
"[주5일/상여250프로] 창고관리 (교통비10만,출퇴근가능자)",(주)제이에이치컨설팅,경기,https://www.saramin.co.kr/zf_user/jobs/relay/view?isMypage=no&rec_idx=41381467
[상여500] 반도체 장비부품 / 품질 및 생산 / 신입지원 가능,(주)태성시스템,경기,https://www.saramin.co.kr/zf_user/jobs/relay/view?isMypage=no&rec_idx=41412855
[상여500] 반도체 장비부품 / 품질 생산 / 신입지원 가능,(주)태성시스템,경기,https://www.saramin.co.kr/zf_user/jobs/relay/view?isMypage=no&rec_idx=41430575
"수입차 출고장(시급9335원,기숙사,통근버스,주5일제,연령무관)",주식회사 디아이솔루션,서울,https://www.saramin.co.kr/zf_user/jobs/relay/view?isMypage=no&rec_idx=41429564
한달교대  월 340이상  조립&포장  정규직&계약직 모집,주식회사 제이앤씨솔루션,경기,https://www.saramin.co.kr/zf_user/jobs/relay/view?isMypage=no&rec_idx=41441709
반도체(웨이퍼)부품 조립/검사/QC/자재 생산직 사원 大모집,제이앤피시스템,경기,https://www.saramin.co.kr/zf_user/jobs/relay/view?isMypage=no&rec_idx=41442439
[주/야] 월 350이상  조립&포장  일난이도쉬움,주식회사 제이앤씨솔루션,경기,https://www.saramin.co.kr/zf_user/jobs/relay/view?isMypage=no&rec_idx=41446417
[주 4일 평일근무] 일맥한의원 분당점 치료실 선생님추가모집,일맥한의원,경기,https://www.saramin.co.kr/zf_user/jobs/relay/view?isMypage=no&rec_idx=41259001
[상여500] 반도체 장비부품 제조 / 품질 및 생산 / 초보 가능,(주)태성시스템,경기,https://www.saramin.co.kr/zf_user/jobs/relay/view?isMypage=no&rec_idx=41241579
"품질경영(QA, QC) / 전기안전관리자 부문 신입 및 경력 모집",(주)에이치알에스,경기,https://www.saramin.co.kr/zf_user/jobs/relay/view?isMypage=no&rec_idx=41324634
생산관리 부문 신입사원 채용 (관리 정규직),(주)에이치알에스,경기,https://www.saramin.co.kr/zf_user/jobs/relay/view?isMypage=no&rec_idx=41324683
[연봉4200/상여300/5조2교대/기숙사/통근/동반/합격률]안산FPCB,인스펌,경기,https://www.saramin.co.kr/zf_user/jobs/relay/view?isMypage=no&rec_idx=41324458
[대기업/연봉4200/상여300/5조2교대/기숙사/통근/동반]안산FPCB,인스펌,경기,https://www.saramin.co.kr/zf_user/jobs/relay/view?isMypage=no&rec_idx=41357065
[동반/가불/연봉4500/상여300/무료기숙사/통근/합격률] 안산FPCB,인스펌,경기,https://www.saramin.co.kr/zf_user/jobs/relay/view?isMypage=no&rec_idx=41357044
[연봉4200/상여300/5조2교대/기숙사/통근/동반/합격률]안산FPCB,인스펌,경기,https://www.saramin.co.kr/zf_user/jobs/relay/view?isMypage=no&rec_idx=41390993
안산FPCB[연봉4500/상여300/무료기숙사/통근/가불/동반/합격률],인스펌,경기,https://www.saramin.co.kr/zf_user/jobs/relay/view?isMypage=no&rec_idx=41390946
[안산 대기업/상여300/3조2교대/기숙사/통근/동반/합격률]안산FPCB,인스펌,경기,https://www.saramin.co.kr/zf_user/jobs/relay/view?isMypage=no&rec_idx=41432762
[포승공단] 만도 평택물류센터 지게차(주간2교대) 정규직 채용,(주)빅트리익스프레스,경기,https://www.saramin.co.kr/zf_user/jobs/relay/view?isMypage=no&rec_idx=41438784
안산FPCB[연봉4500/상여300/무료기숙사/통근/가불/동반/합격률],인스펌,경기,https://www.saramin.co.kr/zf_user/jobs/relay/view?isMypage=no&rec_idx=41432824
[포승공단] 만도 평택물류센터 사무원 채용(주간2교대),(주)빅트리익스프레스,경기,https://www.saramin.co.kr/zf_user/jobs/relay/view?isMypage=no&rec_idx=41438786
[동탄2 한의원] 몸바로한의원 동탄점 직원 모집 공고-경력무관,몸바로 한의원 동탄점,경기,https://www.saramin.co.kr/zf_user/jobs/relay/view?isMypage=no&rec_idx=41187764
[수원/평택] 블리비클리닉 상담실장 추가 모집 #최고대우,(주)블리비네트워크,경기,https://www.saramin.co.kr/zf_user/jobs/relay/view?isMypage=no&rec_idx=41368730
"[LK ENGINEERING] 구매자재, 해외기술영업 직원 모집",(주)엘케이엔지니어링,경기,https://www.saramin.co.kr/zf_user/jobs/relay/view?isMypage=no&rec_idx=41382739
"[LK ENGINEERING] 품질보증, 품질검사 사원 모집",(주)엘케이엔지니어링,경기,https://www.saramin.co.kr/zf_user/jobs/relay/view?isMypage=no&rec_idx=41382741
재활요양병원 행정부장 모십니다.,스타트요양병원,경기,https://www.saramin.co.kr/zf_user/jobs/relay/view?isMypage=no&rec_idx=41449258
[주식회사 우상] 본사 신입사원 모집,주식회사 우상,경기,https://www.saramin.co.kr/zf_user/jobs/relay/view?isMypage=no&rec_idx=41452992
[정착 지원금60/상여300/무료기숙사] 안산 대기업 제조사원 모집,주식회사 민이산업,경기,https://www.saramin.co.kr/zf_user/jobs/relay/view?isMypage=no&rec_idx=41232141
물류창고 물류팀  정규직 채용합니다.,우신상사(주),경기,https://www.saramin.co.kr/zf_user/jobs/relay/view?isMypage=no&rec_idx=41383824
"[정규직전환] 대기업 반도체  4조3교대 모집 /통근버스,기숙사",제이피스(주),경기,https://www.saramin.co.kr/zf_user/jobs/relay/view?isMypage=no&rec_idx=41387971
사무보조 직원 모집합니다,(주)아이씨티컴플라이언스,경기,https://www.saramin.co.kr/zf_user/jobs/relay/view?isMypage=no&rec_idx=41455849
(주) 오산배관   경리사원 구합니다.,(주)오산배관,경기,https://www.saramin.co.kr/zf_user/jobs/relay/view?isMypage=no&rec_idx=41455192
마을버스 기사 모집 [경기도 오산시],오산마을버스,경기,https://www.saramin.co.kr/zf_user/jobs/relay/view?isMypage=no&rec_idx=41455783
[오산한국병원] 방역지원 선별분류소 환자분류,오산한국병원,경기,https://www.saramin.co.kr/zf_user/jobs/relay/view?isMypage=no&rec_idx=41412672
[오산한국병원] 심사과 경력직 채용합니다.,오산한국병원,경기,https://www.saramin.co.kr/zf_user/jobs/relay/view?isMypage=no&rec_idx=41422468
[종합병원] 오산한국병원  전산팀 경력 및 신규 구인,오산한국병원,경기,https://www.saramin.co.kr/zf_user/jobs/relay/view?isMypage=no&rec_idx=41428005
의료기타직/영양사 정규직 모집합니다(경력),(의)오산의료재단,경기,https://www.saramin.co.kr/zf_user/jobs/relay/view?isMypage=no&rec_idx=41366573
물리치료사,(의)오산의료재단,경기,https://www.saramin.co.kr/zf_user/jobs/relay/view?isMypage=no&rec_idx=41407947
원무 시설 야간 당직자 (의료직 관련 면허 소지자 가산점 부여),(의)오산의료재단,경기,https://www.saramin.co.kr/zf_user/jobs/relay/view?isMypage=no&rec_idx=41127527
크라운제과 오산영업소 물류담당 총무 2명 모집,크라운제과_오산영업소,경기,https://www.saramin.co.kr/zf_user/jobs/relay/view?isMypage=no&rec_idx=41130057
원무과(주간/야간) 모집합니다.,조은오산병원,경기,https://www.saramin.co.kr/zf_user/jobs/relay/view?isMypage=no&rec_idx=41372114
매장관리/거래처영업/쇼핑몰 외 정규직 채용 공고(각 분야별),알파문구오산점,경기,https://www.saramin.co.kr/zf_user/jobs/relay/view?isMypage=no&rec_idx=41400833
[오산평택/연봉 3500이상] [OB맥주] 수입맥주 영업사원 채용공고,이케이맨파워(주),경기,https://www.saramin.co.kr/zf_user/jobs/relay/view?isMypage=no&rec_idx=41407678
[오산 롯데캐슬 스카이파크] 공무팀 서무직 채용 - 경력&신입,롯데건설(주),경기,https://www.saramin.co.kr/zf_user/jobs/relay/view?isMypage=no&rec_idx=41406890
계룡건설 건축공사 계약직 모집 공고(오산원동물류센터),계룡건설산업(주),경기,https://www.saramin.co.kr/zf_user/jobs/relay/view?isMypage=no&rec_idx=41278931
[한화호텔앤드리조트] 오산물류센터 시설관리교대기사(전기)모집,한화호텔앤드리조트(주),경기,https://www.saramin.co.kr/zf_user/jobs/relay/view?isMypage=no&rec_idx=41365214
오산 영업소 품질관리 및 영업직원 모집(신입 환영),(주)새롬,경기,https://www.saramin.co.kr/zf_user/jobs/relay/view?isMypage=no&rec_idx=41337961
[한국수출포장 오산공장] 업무팀 신입사원 채용,한국수출포장공업(주),경기,https://www.saramin.co.kr/zf_user/jobs/relay/view?isMypage=no&rec_idx=41309625
한국수출포장(오산) 업무팀 신입사원 채용,한국수출포장공업(주),경기,https://www.saramin.co.kr/zf_user/jobs/relay/view?isMypage=no&rec_idx=41404899
[동탄/오산/245만] DHL센터 입고자재관리 정규직 사원 모집,㈜멘토니아,경기,https://www.saramin.co.kr/zf_user/jobs/relay/view?isMypage=no&rec_idx=41343100
"[주간/상여금100프로/오산,수원통근] 소형전자제품 생산직",(주)비에스파트너,경기,https://www.saramin.co.kr/zf_user/jobs/relay/view?isMypage=no&rec_idx=41442529
오산 인터넷쇼핑몰 콜센타 상담직원 모집합니다.,(주)지젤,경기,https://www.saramin.co.kr/zf_user/jobs/relay/view?isMypage=no&rec_idx=41277222
[오산 지곶동] 상품 입출고관리 물류직 (주5일 230만원),(주)한품,경기,https://www.saramin.co.kr/zf_user/jobs/relay/view?isMypage=no&rec_idx=41409722
[오산세교] 접수 / 수납   선생님을 모집합니다. (간호조무사필),세교요양병원,경기,https://www.saramin.co.kr/zf_user/jobs/relay/view?isMypage=no&rec_idx=41383969
[평택 & 오산] 대기업 상담원 채용/ 탄력근무가능/ 육아병행가능,드림파트너스,경기,https://www.saramin.co.kr/zf_user/jobs/relay/view?isMypage=no&rec_idx=41321514
오산 2주2교대 이차전지생산 상여100정규직채용 회사복,(주)큐브컴퍼니,경기,https://www.saramin.co.kr/zf_user/jobs/relay/view?isMypage=no&rec_idx=41356618
"원무과 경력 무관 채용 - 오산역 1번출구, 153병원",153병원,경기,https://www.saramin.co.kr/zf_user/jobs/relay/view?isMypage=no&rec_idx=41269261
"의료(외래/간호사/간호조무사) 채용, 오산역 1번출구, 153병원",153병원,경기,https://www.saramin.co.kr/zf_user/jobs/relay/view?isMypage=no&rec_idx=41269199
"영양사 구합니다. 오산역 1번출구, 153병원",153병원,경기,https://www.saramin.co.kr/zf_user/jobs/relay/view?isMypage=no&rec_idx=41303144
"총무과 경력무관 채용, 오산역 1번 출구, 153병원",153병원,경기,https://www.saramin.co.kr/zf_user/jobs/relay/view?isMypage=no&rec_idx=41302580
오산 스타트병원 신규/정규직 작업치료사 구인공고,스타트요양병원,경기,https://www.saramin.co.kr/zf_user/jobs/relay/view?isMypage=no&rec_idx=41445274
[버팀병원 오산점]  구매재고관리 및 경영 지원업무 파트 충원,버팀병원,경기,https://www.saramin.co.kr/zf_user/jobs/relay/view?isMypage=no&rec_idx=41346608
오산대역 한의원 주4 간호조무사 선생님 구인,세교S한의원,경기,https://www.saramin.co.kr/zf_user/jobs/relay/view?isMypage=no&rec_idx=41368503
오산 세교 온사랑한의원 간호조무사 채용(주 4일),온사랑한의원,경기,https://www.saramin.co.kr/zf_user/jobs/relay/view?isMypage=no&rec_idx=41402091
이화다이아몬드공업(주) 생산직 계약직 사원 채용 - 경력무관,이화다이아몬드공업(주),경기,https://www.saramin.co.kr/zf_user/jobs/relay/view?isMypage=no&rec_idx=41112648
[삼성전자 채용박람회]이화다이아몬드공업(주) 생산 계약직 모집,이화다이아몬드공업(주),경기,https://www.saramin.co.kr/zf_user/jobs/relay/view?isMypage=no&rec_idx=41305426
테크로스환경서비스 평택사업소 직무별(기계/전기/환경) 채용,(주)테크로스환경서비스,경기,https://www.saramin.co.kr/zf_user/jobs/relay/view?isMypage=no&rec_idx=41221138
[BMW 부품물류/안성] 자동차부품 사무 직원 채용(homologation),맨파워코리아,경기,https://www.saramin.co.kr/zf_user/jobs/relay/view?isMypage=no&rec_idx=41372119
[평택/외국계/품질] 건설 QA/QC 담당자 채용#,맨파워코리아,경기,https://www.saramin.co.kr/zf_user/jobs/relay/view?isMypage=no&rec_idx=41383911
[물류/지게차/설비/통근버스] 다이소 남사허브물류,(주)휴먼코아,경기,https://www.saramin.co.kr/zf_user/jobs/relay/view?isMypage=no&rec_idx=41370027
[안성/평택/천안 통근버스있음] 안성 물류센터 주간 정규직채용,(주)휴먼코아,경기,https://www.saramin.co.kr/zf_user/jobs/relay/view?isMypage=no&rec_idx=41410911
[주5일/주간고정/통근버스o] 안성 대기업 물류센터 정규직채용,(주)휴먼코아,경기,https://www.saramin.co.kr/zf_user/jobs/relay/view?isMypage=no&rec_idx=41429583
[야간고정/20시-05시]안성 신선센터 야간사원 大모집,(주)휴먼코아,경기,https://www.saramin.co.kr/zf_user/jobs/relay/view?isMypage=no&rec_idx=41455429
[주야교대/주간고정]송탄안중포승 오뚜기물류일반물류직및지게차,(주)휴먼코아,경기,https://www.saramin.co.kr/zf_user/jobs/relay/view?isMypage=no&rec_idx=41257650
홈쇼핑 물류센터 남/여 사원 채용,(주)휴먼코아,경기,https://www.saramin.co.kr/zf_user/jobs/relay/view?isMypage=no&rec_idx=41424026
(주)그린파워 품질팀 사원 모집 (사원~대리급),(주)그린파워,경기,https://www.saramin.co.kr/zf_user/jobs/relay/view?isMypage=no&rec_idx=41267757
(주)비엔에이치 대량 채용(평택 수처리사업부),(주)비엔에이치,경기,https://www.saramin.co.kr/zf_user/jobs/relay/view?isMypage=no&rec_idx=41352596
힘들지만 동료를 위해 먼저 헌신할수있는 자재현장 직원모집,(주)선인,경기,https://www.saramin.co.kr/zf_user/jobs/relay/view?isMypage=no&rec_idx=41400717
"건축현장 건축직 직원 채용 ( 서울,김포,화성,수원,아산)",해유건설(주),충남,https://www.saramin.co.kr/zf_user/jobs/relay/view?isMypage=no&rec_idx=41211362
건축현장(김포 오피스텔) 건축공무 직원 채용,해유건설(주),충남,https://www.saramin.co.kr/zf_user/jobs/relay/view?isMypage=no&rec_idx=41269751
(주)져스텍 기술영업팀 신입/경력 모집 공고,(주)져스텍,경기,https://www.saramin.co.kr/zf_user/jobs/relay/view?isMypage=no&rec_idx=41297423
[강남/월220/사무직/금융권] 우리금융캐피탈 금융사무직 채용,에이스휴먼파워(주),서울,https://www.saramin.co.kr/zf_user/jobs/relay/view?isMypage=no&rec_idx=41358137
[강남/월220/금융사무/대기업] 우리금융캐피탈 사무직 채용,에이스휴먼파워(주),서울,https://www.saramin.co.kr/zf_user/jobs/relay/view?isMypage=no&rec_idx=41358130
"2021 신입사원 모집[기계설계, 영업지원, 전기제어, 정보처리]",(주)생명과기술,경기,https://www.saramin.co.kr/zf_user/jobs/relay/view?isMypage=no&rec_idx=41456047
[메이저월드(주)] 웹디자이너 사원 모집,메이저월드(주),경기,https://www.saramin.co.kr/zf_user/jobs/relay/view?isMypage=no&rec_idx=41057531
골프용품 쇼핑몰 물류센터 정직원 모집공고,메이저월드(주),경기,https://www.saramin.co.kr/zf_user/jobs/relay/view?isMypage=no&rec_idx=41197389
[동탄] 골프 쇼핑몰 MD 신입/경력 모집,메이저월드(주),경기,https://www.saramin.co.kr/zf_user/jobs/relay/view?isMypage=no&rec_idx=41265026
[외국계/업계1위/연2500만이상]벤츠 안성서비스센터 리셉션 채용,(주)사람인에이치에스,경기,https://www.saramin.co.kr/zf_user/jobs/relay/view?isMypage=no&rec_idx=41392959
"품질 관리, 품질 보증, 품질 검사 사원 모집",(주)티에스티,경기,https://www.saramin.co.kr/zf_user/jobs/relay/view?isMypage=no&rec_idx=41408415
매연저감장치 A/S 콜접수 사원 채용,에이치케이엠엔에스(주),경기,https://www.saramin.co.kr/zf_user/jobs/relay/view?isMypage=no&rec_idx=41351167
"매연저감장치 물류 (입출고, 자재관리) 사원 모집",에이치케이엠엔에스(주),경기,https://www.saramin.co.kr/zf_user/jobs/relay/view?isMypage=no&rec_idx=41399044
내부회계관리 정규직 직원 채용,(주)대림제지,경기,https://www.saramin.co.kr/zf_user/jobs/relay/view?isMypage=no&rec_idx=41089401
[경기] 구매·자재·물류 외 경력 모집합니다,선린전자(주),경기,https://www.saramin.co.kr/zf_user/jobs/relay/view?isMypage=no&rec_idx=41124553
(주)알엠 공무/설비보전 경력직 채용공고,(주)알엠,경기,https://www.saramin.co.kr/zf_user/jobs/relay/view?isMypage=no&rec_idx=41268244
㈜모보 생산기술팀(전기 현장사원) 모집,㈜모보,경기,https://www.saramin.co.kr/zf_user/jobs/relay/view?isMypage=no&rec_idx=41387852
생산부(조성) 직원을 구합니다.,(주)대림제지,경기,https://www.saramin.co.kr/zf_user/jobs/relay/view?isMypage=no&rec_idx=41422374
[DI사업팀] 장비 제어 및 SW 개발 경력직 채용,(주)필옵틱스,경기,https://www.saramin.co.kr/zf_user/jobs/relay/view?isMypage=no&rec_idx=41371914
품질 및 자재관리직 채용공고,(주)엔케이텍,경기,https://www.saramin.co.kr/zf_user/jobs/relay/view?isMypage=no&rec_idx=41422230
"산업용필터 제조업 경영기획팀 담당자 모집[신입,경력]",(주)앱스필,경기,https://www.saramin.co.kr/zf_user/jobs/relay/view?isMypage=no&rec_idx=41073208
2차전지 유틸리티 자재관리,(주)비비테크,경기,https://www.saramin.co.kr/zf_user/jobs/relay/view?isMypage=no&rec_idx=41431252
2차전지 유틸리티 품질관리,(주)비비테크,경기,https://www.saramin.co.kr/zf_user/jobs/relay/view?isMypage=no&rec_idx=41431211
[와이즈스톤계열사/평택] 소프트웨어 QA 테스터 채용,(주)와이즈스톤,경기,https://www.saramin.co.kr/zf_user/jobs/relay/view?isMypage=no&rec_idx=41367601
"[평택/꿀알바/식사,셔틀버스제공] 국내 중견기업 자재관리 채용",(주)메이크인,경기,https://www.saramin.co.kr/zf_user/jobs/relay/view?isMypage=no&rec_idx=41398936
[주5일/수원경기] 한국쓰리엠 대형마트 영업관리직 대규모 채용,(주)맨파워그룹코리아,경기,https://www.saramin.co.kr/zf_user/jobs/relay/view?isMypage=no&rec_idx=41353255
[평택/식사제공/정규직] 대기업 투자 물류기업 인사기획 채용,(주)메이크인,경기,https://www.saramin.co.kr/zf_user/jobs/relay/view?isMypage=no&rec_idx=41431648
(주) 디케이티 생산관리 신입/경력 사원 모집,(주)디케이티,경기,https://www.saramin.co.kr/zf_user/jobs/relay/view?isMypage=no&rec_idx=41142125
클린룸에서 포장 업무 직원 모집합니다.,(주)선린,경기,https://www.saramin.co.kr/zf_user/jobs/relay/view?isMypage=no&rec_idx=41374241
외장재 시공지원 공사관리 담당자모집(수도권) - 기숙사제공,(주)이넥스월,서울,https://www.saramin.co.kr/zf_user/jobs/relay/view?isMypage=no&rec_idx=41257887
캐드(CAD) 및 시공지원 채용 / 서초구 방배 (기숙사제공),(주)이넥스월,서울,https://www.saramin.co.kr/zf_user/jobs/relay/view?isMypage=no&rec_idx=41257766
상품입출고 (지게차)(초보자/경력자가능),주식회사 일광산업,경기,https://www.saramin.co.kr/zf_user/jobs/relay/view?isMypage=no&rec_idx=41290157
반도체 장비 배관 / 기구 설계 신입 및 경력자,(주)에이알케이,경기,https://www.saramin.co.kr/zf_user/jobs/relay/view?isMypage=no&rec_idx=41171032
공조설비 유지보수관리직원 모집(삼성전자 기흥/화성 캠퍼스 內),(주)우신엔지니어링,경기,https://www.saramin.co.kr/zf_user/jobs/relay/view?isMypage=no&rec_idx=41230213
공조설비 유지보수관리직원 모집(삼성전자 기흥/화성 캠퍼스 內),(주)우신엔지니어링,경기,https://www.saramin.co.kr/zf_user/jobs/relay/view?isMypage=no&rec_idx=41343027
BMW내쇼날모터스 평택 영업 및 평택 서비스센터 직원 채용,BMW (주)내쇼날모터스,경기,https://www.saramin.co.kr/zf_user/jobs/relay/view?isMypage=no&rec_idx=41405578
"(주)피앤씨랩스, 품질실 팀원 채용",(주)피앤씨랩스,경기,https://www.saramin.co.kr/zf_user/jobs/relay/view?isMypage=no&rec_idx=41335937
"[경영지원부]회계,인사,총무,법무,자산관리 책임자 채용",(주)한우리식품,경기,https://www.saramin.co.kr/zf_user/jobs/relay/view?isMypage=no&rec_idx=41046227
"제품재고관리 및 출하, 포장 업무분야 정규 및 알바 채용",(주)엠지텍아이엔씨,경기,https://www.saramin.co.kr/zf_user/jobs/relay/view?isMypage=no&rec_idx=41211030
(삼성 반도체) 반도체 설비 엔지니어 '신규' 직원을 모집합니다.,(주)드림솔,경기,https://www.saramin.co.kr/zf_user/jobs/relay/view?isMypage=no&rec_idx=41288994
생산담당(화학 합성공정) 직원을 모집합니다.,㈜청화사,경기,https://www.saramin.co.kr/zf_user/jobs/relay/view?isMypage=no&rec_idx=41353132
[환경센서연구소] 가스센서 연구개발 정규직 채용,(주)센코,경기,https://www.saramin.co.kr/zf_user/jobs/relay/view?isMypage=no&rec_idx=41386950
2021년 하반기 기술영업부(해외영업팀) 정규직 채용,(주)센코,경기,https://www.saramin.co.kr/zf_user/jobs/relay/view?isMypage=no&rec_idx=41443800
비카코리아(주)  영업지원 (Inside Sales) 채용 공고,비카코리아㈜,경기,https://www.saramin.co.kr/zf_user/jobs/relay/view?isMypage=no&rec_idx=41401089
경영지원 및 경리/회계 경력직 -더존 능통자,(주)시스타,경기,https://www.saramin.co.kr/zf_user/jobs/relay/view?isMypage=no&rec_idx=41454659
MCT가공부품 검사 및 출하관리 사원 모집(보충역 가능),(주)삼윤,경기,https://www.saramin.co.kr/zf_user/jobs/relay/view?isMypage=no&rec_idx=41411571
CCTV 및 의료기기 제조 사원 모집,포트로닉(주),경기,https://www.saramin.co.kr/zf_user/jobs/relay/view?isMypage=no&rec_idx=41258967
문구사무용품 출하관리 및 입출고관리,㈜모든오피스,경기,https://www.saramin.co.kr/zf_user/jobs/relay/view?isMypage=no&rec_idx=41348430
"연구원(화학, 화공, 고분자)",(주)정우정밀화학,경기,https://www.saramin.co.kr/zf_user/jobs/relay/view?isMypage=no&rec_idx=41416834
[정규직] 품질검사원 모집,티오에스(주),경기,https://www.saramin.co.kr/zf_user/jobs/relay/view?isMypage=no&rec_idx=41449319
[정규직] 전장작업 및 제작관리 인원 모집,티오에스(주),경기,https://www.saramin.co.kr/zf_user/jobs/relay/view?isMypage=no&rec_idx=41449678
[월208만/재택근무] SK그룹 11번가 [퍼블리셔] 채용,(주)에이치알엔,서울,https://www.saramin.co.kr/zf_user/jobs/relay/view?isMypage=no&rec_idx=41312644
[동탄] BMW 삼천리모터스 판금 모집,(주)삼천리모터스,경기,https://www.saramin.co.kr/zf_user/jobs/relay/view?isMypage=no&rec_idx=41443635
롯데백화점 동탄점 메종아카이브(리빙편집샵) 부매니저모집,(주)뷰티플휴먼,경기,https://www.saramin.co.kr/zf_user/jobs/relay/view?isMypage=no&rec_idx=41321647
"반도체장비,핵심부품,제조, 개조, 수리, 유지보수 엔지니어 모집",(주)에스-탑,경기,https://www.saramin.co.kr/zf_user/jobs/relay/view?isMypage=no&rec_idx=41139308
(4일근무 3일휴무) 삼성반도체 회수 장비 단순 검사원 모집,㈜멘토니아,경기,https://www.saramin.co.kr/zf_user/jobs/relay/view?isMypage=no&rec_idx=41322267
[SPC 비알코리아] 던킨/배스킨 본사 직영 정규직 매니저,에스앤에스비(주),서울,https://www.saramin.co.kr/zf_user/jobs/relay/view?isMypage=no&rec_idx=41321973
[SPC 비알코리아] 던킨/배스킨 본사 소속 정규직 매니저 모집,에스앤에스비(주),서울,https://www.saramin.co.kr/zf_user/jobs/relay/view?isMypage=no&rec_idx=41322038
[SPC 비알코리아] 직영점 정규직 서비스 매니저 모집,에스앤에스비(주),서울,https://www.saramin.co.kr/zf_user/jobs/relay/view?isMypage=no&rec_idx=41365925
[SPC 비알코리아] 던킨/배스킨 본사 직영점 정규직 매니저 사원,에스앤에스비(주),서울,https://www.saramin.co.kr/zf_user/jobs/relay/view?isMypage=no&rec_idx=41387320
정규직바로채용 가공설비OP 주간근무 월270만원이상~ 성과금별도,(주)제일넷,경기,https://www.saramin.co.kr/zf_user/jobs/relay/view?isMypage=no&rec_idx=41244593
정규직원채용 보일러-조립 주야2교대 월320만원이상~ 성과금별도,(주)제일넷,경기,https://www.saramin.co.kr/zf_user/jobs/relay/view?isMypage=no&rec_idx=41365758
정규직원채용 CNC자동설비 주야2교대 월320만원이상~ 성과금별도,(주)제일넷,경기,https://www.saramin.co.kr/zf_user/jobs/relay/view?isMypage=no&rec_idx=41367374
[경력] 공무 전기설비 정규직 모집합니다(경력자우대),(주)웰파워,경기,https://www.saramin.co.kr/zf_user/jobs/relay/view?isMypage=no&rec_idx=41152205
"일반영업, 관리 신입/경력 정규직 채용(청년내일채움공제)",주식회사 탑세이프티,경기,https://www.saramin.co.kr/zf_user/jobs/relay/view?isMypage=no&rec_idx=41352746
안전용품 물류직원 신입/경력(청년내일채움공제) 모집,주식회사 탑세이프티,경기,https://www.saramin.co.kr/zf_user/jobs/relay/view?isMypage=no&rec_idx=41376905
반도체 설비 장비 해체 등,(주)에스이티,경기,https://www.saramin.co.kr/zf_user/jobs/relay/view?isMypage=no&rec_idx=41264720
생산기술팀 제조 현장 오퍼레이트,(주)제이앤티지,경기,https://www.saramin.co.kr/zf_user/jobs/relay/view?isMypage=no&rec_idx=41121244
[주5일/신입가능]유명기업 입출고/상하차(정규직가능),유원커리어센터,경기,https://www.saramin.co.kr/zf_user/jobs/relay/view?isMypage=no&rec_idx=41350865
"정관장(화성)물류 사무직(반품,재고,전산작업)13시-21시/자차",주식회사 잡스테이션,경기,https://www.saramin.co.kr/zf_user/jobs/relay/view?isMypage=no&rec_idx=41403062
"월280만원/정관장(양감)물류센터-포장및 ,전동리치지게/ 자차",주식회사 잡스테이션,경기,https://www.saramin.co.kr/zf_user/jobs/relay/view?isMypage=no&rec_idx=41426913
"[화성,상여금200프로] 가전제품 단순 분해 및 해체 모집",(주)비에스파트너,경기,https://www.saramin.co.kr/zf_user/jobs/relay/view?isMypage=no&rec_idx=41442428
[THE SUZUKI KOREA] 기계 조립 및 A/S관리 채용,(주)자스즈키,경기,https://www.saramin.co.kr/zf_user/jobs/relay/view?isMypage=no&rec_idx=41037970
(주)해성 : 영업지원 담당자를 모십니다.,(주)해성,경기,https://www.saramin.co.kr/zf_user/jobs/relay/view?isMypage=no&rec_idx=41364752
연구개발원 신입사원 채용공고,(주)트라코월드,경기,https://www.saramin.co.kr/zf_user/jobs/relay/view?isMypage=no&rec_idx=41370453
[THE SUZUKI KOREA] A/S 관리 및 기계 관리,(주)자스즈키,경기,https://www.saramin.co.kr/zf_user/jobs/relay/view?isMypage=no&rec_idx=41420711
[H&abyz]지원팀 인사 총괄 담당자를 모집합니다,(주)에이치앤아비즈,경기,https://www.saramin.co.kr/zf_user/jobs/relay/view?isMypage=no&rec_idx=41151963
[H&abyz]지원팀 재무회계 담당자를 모집합니다,(주)에이치앤아비즈,경기,https://www.saramin.co.kr/zf_user/jobs/relay/view?isMypage=no&rec_idx=41160174
품질혁신팀 품질관리 사원 모집,(주)제이앤티지,경기,https://www.saramin.co.kr/zf_user/jobs/relay/view?isMypage=no&rec_idx=41258169
[브로스앤컴퍼니] 상품기획 MD 모집 / 중국어 능숙자 우대,브로스앤컴퍼니(주),경기,https://www.saramin.co.kr/zf_user/jobs/relay/view?isMypage=no&rec_idx=41293450
[브로스앤컴퍼니] 브랜드 매니저 (온·오프라인 영업) 모집,브로스앤컴퍼니(주),경기,https://www.saramin.co.kr/zf_user/jobs/relay/view?isMypage=no&rec_idx=41293193
동탄 테크노밸리 쇼핑몰 관리자 모집 (신입 가능 경력자 우대),(주)티케이,경기,https://www.saramin.co.kr/zf_user/jobs/relay/view?isMypage=no&rec_idx=41355600
2021년 연구소 신입 / 경력직 채용,(주)맨지온,경기,https://www.saramin.co.kr/zf_user/jobs/relay/view?isMypage=no&rec_idx=41390837
TEST 및 분석 엔지니어 정규직 모집합니다.,케이티아이엔씨(주),경기,https://www.saramin.co.kr/zf_user/jobs/relay/view?isMypage=no&rec_idx=41397828
(주)다온티에스 동탄 정규직 신입사원 모집,(주)다온티에스,경기,https://www.saramin.co.kr/zf_user/jobs/relay/view?isMypage=no&rec_idx=41251718
"[신입, 경력] 기술영업&영업기획·관리·지원 정규직 채용",(주)마이크로진,경기,https://www.saramin.co.kr/zf_user/jobs/relay/view?isMypage=no&rec_idx=41409990
기계조립 및 제조기술,그린스펙(주),경기,https://www.saramin.co.kr/zf_user/jobs/relay/view?isMypage=no&rec_idx=41245730
경리 및 사무관리직 신입/경력 채용 - 정규직&계약직,(주)평안금속,경기,https://www.saramin.co.kr/zf_user/jobs/relay/view?isMypage=no&rec_idx=41251568
"[기숙사제공 / 상여금130퍼센트 ] 인알파코리아 생산,물류팀 채용",(주)알에스이알,경기,https://www.saramin.co.kr/zf_user/jobs/relay/view?isMypage=no&rec_idx=41408656
공무 담당자 채용 (정규직),(주)우리비전,경기,https://www.saramin.co.kr/zf_user/jobs/relay/view?isMypage=no&rec_idx=41449936
[SPC 비알코리아] 던킨/배스킨 본사 직영 정규직 매니저 채용,에스앤에스비(주),서울,https://www.saramin.co.kr/zf_user/jobs/relay/view?isMypage=no&rec_idx=41241054
판넬제작 및 로컬배선 전장업무 및 현장 결선,(주)원탑이엔지,경기,https://www.saramin.co.kr/zf_user/jobs/relay/view?isMypage=no&rec_idx=41091197
"QC, 미생물 정규직 모집합니다(경력사원)",(주)뷰케이코리아,경기,https://www.saramin.co.kr/zf_user/jobs/relay/view?isMypage=no&rec_idx=41264245
영업지원 쇼핑몰관리 및 사무직 사원 모집,광고천하,경기,https://www.saramin.co.kr/zf_user/jobs/relay/view?isMypage=no&rec_idx=41401659
회계팀 경력/신입 모집 공고(정규직),세미켓코리아(주),경기,https://www.saramin.co.kr/zf_user/jobs/relay/view?isMypage=no&rec_idx=41112779
영업관리 담당자(정규직) 모집,(주)이엠아이,경기,https://www.saramin.co.kr/zf_user/jobs/relay/view?isMypage=no&rec_idx=41306438
품질관리(QC) 신입/경력 모집,(주)이엠아이,경기,https://www.saramin.co.kr/zf_user/jobs/relay/view?isMypage=no&rec_idx=41328423
영업관리부 무역업무/영업관리/영어통/번역필수 채용- 정규직,비알씨(BRC),경기,https://www.saramin.co.kr/zf_user/jobs/relay/view?isMypage=no&rec_idx=41341328
연구소·R&D(환경&연구·실험·기술) 채용 공고,엔텍스(주),경기,https://www.saramin.co.kr/zf_user/jobs/relay/view?isMypage=no&rec_idx=41367797
영업관리부 - 매출/재고/미수금 관리 직원 채용,비알씨(BRC),경기,https://www.saramin.co.kr/zf_user/jobs/relay/view?isMypage=no&rec_idx=41456795
"기구설계(3D, Solid Works) 정규직 채용 - (신입, 경력)",(주)티원시스템,경기,https://www.saramin.co.kr/zf_user/jobs/relay/view?isMypage=no&rec_idx=41039110
"송전, 변전, 신재생에너지 전기 감리",(주)성운엔지니어링,경기,https://www.saramin.co.kr/zf_user/jobs/relay/view?isMypage=no&rec_idx=41288743
구매팀 [구매발주&자재관리]  인원 모집,(주)티원시스템,경기,https://www.saramin.co.kr/zf_user/jobs/relay/view?isMypage=no&rec_idx=41314652
기업부설연구소 연구원/선임/책임/수석연구원 모집 공고,(주)아이코맥스,경기,https://www.saramin.co.kr/zf_user/jobs/relay/view?isMypage=no&rec_idx=41068634
경영지원본부 경력사원 모집공고(이카운트 숙련자 우대),(주)아이코맥스,경기,https://www.saramin.co.kr/zf_user/jobs/relay/view?isMypage=no&rec_idx=41199364
"화장품 생산계획, 제조, 칭량 신입/경력 모집",(주)아이코맥스,경기,https://www.saramin.co.kr/zf_user/jobs/relay/view?isMypage=no&rec_idx=41261252
"LCD,OLED,반도체,2차전지 공장자동화 PLC제어 엔지니어 모집",(주)가온씨엔에스,경기,https://www.saramin.co.kr/zf_user/jobs/relay/view?isMypage=no&rec_idx=41359551
엘오티씨이에스(엘오티베큠 자회사) 생산직 신입 채용,(주)엘오티씨이에스,경기,https://www.saramin.co.kr/zf_user/jobs/relay/view?isMypage=no&rec_idx=41021701
2021년 (주)길투어 배차 관리부 결원 추가 모집,(주)길여행사,경기,https://www.saramin.co.kr/zf_user/jobs/relay/view?isMypage=no&rec_idx=41421673
"경영지원 총무 회계업무 경력사원 모집 - 정규직, 계약직",퀀텀리커(주),경기,https://www.saramin.co.kr/zf_user/jobs/relay/view?isMypage=no&rec_idx=41155141
가스산업기사,하이리움산업(주),경기,https://www.saramin.co.kr/zf_user/jobs/relay/view?isMypage=no&rec_idx=41162368
한국콘크리트시험원 인력 채용 공고 - 신입,한국콘크리트시험원,경기,https://www.saramin.co.kr/zf_user/jobs/relay/view?isMypage=no&rec_idx=41348101
"온라인 물류 재고관리, 포장업무 및 오픈마켓관리 채용",(주)엔케이타히보,경기,https://www.saramin.co.kr/zf_user/jobs/relay/view?isMypage=no&rec_idx=41420448
"접수·수납·예약, 원무행정 정규직 채용",웰봄병원,경기,https://www.saramin.co.kr/zf_user/jobs/relay/view?isMypage=no&rec_idx=41193268
"접수·수납·예약, 원무행정 정규직 채용 공고",웰봄병원,경기,https://www.saramin.co.kr/zf_user/jobs/relay/view?isMypage=no&rec_idx=41222757
원무팀 원무 경력사원 모집 공고(정규직),웰봄병원,경기,https://www.saramin.co.kr/zf_user/jobs/relay/view?isMypage=no&rec_idx=41282229
[모션제어팀] 자동화설비제어 신입/경력직 채용의 건,(주)필에너지,경기,https://www.saramin.co.kr/zf_user/jobs/relay/view?isMypage=no&rec_idx=41352565
[제조그룹] 기구제조부문 신입 및 경력직 채용의 건,(주)필에너지,경기,https://www.saramin.co.kr/zf_user/jobs/relay/view?isMypage=no&rec_idx=41350671
[PLC팀] 자동화설비 PLC제어 신입 및 경력직 채용,(주)필에너지,경기,https://www.saramin.co.kr/zf_user/jobs/relay/view?isMypage=no&rec_idx=41356773
"삼성반도체 내  Hook-up 및 유지보수 (신입,경력)- 정규직",(주)원탑이엔지,경기,https://www.saramin.co.kr/zf_user/jobs/relay/view?isMypage=no&rec_idx=41204850
설계/ 품질업무 (CAD 작업 가능자),(주)원탑이엔지,경기,https://www.saramin.co.kr/zf_user/jobs/relay/view?isMypage=no&rec_idx=41394477
[비엘코스메틱] 생산팀 정직원채용,(주)비엘코스메틱,경기,https://www.saramin.co.kr/zf_user/jobs/relay/view?isMypage=no&rec_idx=41426777
[수원/용인 통근]가전제품 단순 분해 및 해체 모집,(주)비에스파트너,경기,https://www.saramin.co.kr/zf_user/jobs/relay/view?isMypage=no&rec_idx=41443082
온라인쇼핑몰관리,(주)대경인터내셔날,경기,https://www.saramin.co.kr/zf_user/jobs/relay/view?isMypage=no&rec_idx=41197425
"공기청정기 필터 생산(주간.야간고정) 남,여",(주)해송,경기,https://www.saramin.co.kr/zf_user/jobs/relay/view?isMypage=no&rec_idx=41339940
홍보팀 채용[월급여300만+인센티브][천안지역],사단법인 희망조약돌,충남전체,https://www.saramin.co.kr/zf_user/jobs/relay/view?isMypage=no&rec_idx=41385900
(주)스카이 종합건설 현장·시공·공무(경력)소장님 모십니다.,(주)스카이종합건설,경기,https://www.saramin.co.kr/zf_user/jobs/relay/view?isMypage=no&rec_idx=41197998
상여200프로/단순생산 및 품질검사/기숙사가능,(주)에스앤와이시스템,경기,https://www.saramin.co.kr/zf_user/jobs/relay/view?isMypage=no&rec_idx=41301850
상여300/높은급여/실리콘생산/깨끗한환경/평택진위산업단지,(주)에스앤와이시스템,경기,https://www.saramin.co.kr/zf_user/jobs/relay/view?isMypage=no&rec_idx=41351262
